gene	p_val	avg_log2FC	pct.1	pct.2	p_val_adj	count_expr.cells_sympt	min.cells_sympt	lower_hinge.cells_sympt	median.cells_sympt	upper_hinge.cells_sympt	max.cells_sympt	mean.cells_sympt	sd.cells_sympt	count_all.cells_sympt	count_expr.cells_asympt	min.cells_asympt	lower_hinge.cells_asympt	median.cells_asympt	upper_hinge.cells_asympt	max.cells_asympt	mean.cells_asympt	sd.cells_asympt	count_all.cells_asympt	cluster
AC044849.1	1.37283463860303e-11	-0.283028366169221	0.176	0.332	5.02471206075094e-07	234	0.603721509785346	0.951102644793214	1.10444853750092	1.41094160954945	2.94880745714876	1.23072245665587	0.403249935707651	1333	138	0.645331156449197	1.12362384257851	1.33824717084584	1.77691506007952	2.57815823747726	1.44580863009701	0.438734866044192	416	cluster.tp01
ACAP1	3.09944991422447e-12	-0.26857630106195	0.418	0.577	1.1344296631053e-07	557	0.566626202000532	0.979477100282908	1.2042528771467	1.59870884289131	2.94880745714876	1.31819283436641	0.427308992563107	1333	240	0.774538506104775	1.13653708671573	1.46899236530211	1.7602801953207	3.18125383307862	1.50477203982668	0.451902996203153	416	cluster.tp01
ANXA1	1.95629854955903e-15	0.278872253922551	0.782	0.596	7.160248321241e-11	1043	0.692497813669822	1.46256996509697	1.88444403082168	2.27356451626793	3.85537516589021	1.89413549270579	0.580736576978811	1333	248	0.807404777588481	1.23544752595089	1.7455900170503	2.16017931502818	3.14898425932607	1.75424388696194	0.550622182790544	416	cluster.tp01
ANXA5	1.25791856826485e-13	0.252493770637694	0.371	0.192	4.60410775170618e-09	495	0.521780605790778	1.01577208289457	1.19309371701908	1.54674864005213	2.58361241859346	1.29283097384148	0.375858074425163	1333	80	0.75880304997413	0.961758145556716	1.11110916623475	1.49548224790231	2.38035411961224	1.26072666895201	0.386559326794622	416	cluster.tp01
BCL3	2.73493450239779e-16	0.251009955875827	0.286	0.115	1.00101337722262e-11	381	0.581840287766472	1.00891208770718	1.15600855634195	1.45038897865379	2.60153305435011	1.25882770179974	0.349271455767828	1333	48	0.603646382319544	0.993825105957692	1.14479614537839	1.38794433668178	2.27402056526025	1.2363062937406	0.360756708936636	416	cluster.tp01
BIRC3	7.82994272665564e-27	0.340978389381146	0.334	0.127	2.86583733738323e-22	445	0.562112883132313	1.05013794233015	1.24707790486076	1.68379647975265	2.87266287045996	1.3811808670639	0.428925590540857	1333	53	0.603646382319544	0.993610802123842	1.11294848226797	1.40650477256798	2.02651735011104	1.20510074051395	0.310094437468644	416	cluster.tp01
C4orf48	2.75989230185797e-17	0.265918550007225	0.305	0.12	1.01014818140304e-12	406	0.568213544549532	1.01230143710117	1.18326186895466	1.4883868087912	2.83925737038806	1.26893331888435	0.355356808632617	1333	50	0.75880304997413	1.00543732045494	1.17785371535343	1.54558562930046	2.22815425514965	1.27377681441317	0.354857658892198	416	cluster.tp01
CCL4L2	1.24158352547271e-22	0.394070983685457	0.269	0.072	4.54431986158268e-18	358	0.521780605790778	1.03773699744912	1.30793484974116	2.02537432040956	6.31181663096469	1.74606261008914	1.10828621809632	1333	30	0.870424809797958	1.04664762149264	1.23701074673942	2.13353080273192	3.76159089334605	1.63389664703034	0.830809798939289	416	cluster.tp01
CCND2	3.95398539152073e-11	0.25157673617545	0.53	0.344	1.4471981931505e-06	706	0.521780605790778	1.05903739714841	1.33179729084398	1.77626243977942	3.60316593583991	1.46643084343685	0.516624167115264	1333	143	0.603646382319544	1.10256667405463	1.29773357211255	1.70728589228739	3.03882603952304	1.43232853593966	0.46222519086678	416	cluster.tp01
CD160	7.60945852084825e-11	-0.27326602174396	0.129	0.272	2.78513791321567e-06	172	0.676854931987976	0.953999855059636	1.08048147183062	1.49737361866102	2.27402056526025	1.24993992264533	0.416541804768003	1333	113	0.692747420410708	1.1493376483457	1.39681081892709	1.7500884590359	2.8659329630208	1.48529381469269	0.443877228536198	416	cluster.tp01
CD3D	1.06219910982559e-17	0.415896027206627	0.483	0.248	3.88775496187265e-13	644	0.822848299783109	1.90203203340836	2.30600500319859	2.62308108415327	3.62566559129139	2.23688350668514	0.537941022097282	1333	103	0.945099372322117	1.87118063103402	2.26577198372721	2.67064368920146	3.61091791264422	2.26007272772507	0.571730395413152	416	cluster.tp01
CD3E	6.00827858682492e-13	0.293378112713453	0.635	0.488	2.19909004556379e-08	847	0.727537235482121	1.82124688029079	2.23896722996855	2.58168788499688	3.4403683159167	2.18974432133817	0.530050768305721	1333	203	0.815681615635644	1.57067449606078	1.95765872924939	2.3309827250857	3.08642460696699	1.94954924162071	0.545208439352097	416	cluster.tp01
CD3G	2.30826057401291e-26	0.479098286580581	0.49	0.252	8.44846452694465e-22	653	0.831245252502311	1.88661726268673	2.24974984717413	2.55467278060138	3.65722513548892	2.1929195622875	0.511828150999595	1333	105	1.01960769359263	1.56101275503263	1.94573874007306	2.2949149269017	3.15197052964288	1.9338901432151	0.509585084800589	416	cluster.tp01
CD8A	1.97905628320108e-27	0.468340976465206	0.473	0.24	7.24354390214427e-23	631	0.635946939497789	1.55186401761918	2.06372046693815	2.48209874358074	3.34572643316291	2.00427565807834	0.615772684494948	1333	100	0.645331156449197	1.24921672290138	1.69135495112468	2.15331934329268	3.01876855982247	1.69958891980592	0.548022634837747	416	cluster.tp01
CMC1	7.06424595073957e-20	-0.436794193757792	0.323	0.548	2.58558466043019e-15	431	0.521780605790778	1.07849222690356	1.55878638104083	1.99039863519212	3.3349084325076	1.60008510841903	0.585574357491726	1333	228	0.774538506104775	1.40101422023266	1.94463022831106	2.31821491137724	3.53903382612331	1.92287583108969	0.616262866211973	416	cluster.tp01
CNOT6L	1.39677945649317e-12	0.254536415059284	0.649	0.464	5.11235248871066e-08	865	0.566626202000532	1.11404720110217	1.46428914671786	1.87655600588813	3.30140016268966	1.52890189657409	0.497401336627436	1333	193	0.645331156449197	1.13124632873323	1.31971527505368	1.71521766563259	3.18309888609377	1.44395123708886	0.452083351556191	416	cluster.tp01
CREM	1.79435747982877e-56	0.579583088460583	0.587	0.257	6.56752781192126e-52	783	0.562112883132313	1.1839761802409	1.6674445439142	2.10805185148939	3.9468821899809	1.70164954821981	0.588606878046344	1333	107	0.807404777588481	1.05853377066174	1.22694698097595	1.47016315560039	2.83058194907404	1.31412779446424	0.359294929238645	416	cluster.tp01
CRIP1	6.57159843329009e-18	0.273887632914416	0.83	0.736	2.40527074256851e-13	1106	0.728534192144268	1.70981887839862	2.18485615205077	2.69127221462781	5.24705959911403	2.21284480326821	0.700625187328573	1333	306	0.802074951283096	1.28814401741195	1.76880114732261	2.25393558389386	3.93114504575988	1.829356392142	0.620543363079218	416	cluster.tp01
CXCR4	4.9183696666891e-28	0.283556708477661	0.938	0.849	1.80017248170488e-23	1251	0.761957240867484	2.27817708784655	2.8143407598285	3.17901227991888	4.27558200123383	2.70562589724517	0.678857496630013	1333	353	0.645331156449197	1.84179578144619	2.28917764938716	2.6906772855458	3.71357206670431	2.24812823769253	0.628519049582784	416	cluster.tp01
CXXC5	3.4819934858328e-13	-0.304330225290336	0.182	0.349	1.27444443574966e-08	242	0.562112883132313	0.969005746128266	1.11384235866827	1.41047304471184	2.76707474111005	1.20982785804273	0.360426265154184	1333	145	0.774538506104775	1.14042974413917	1.34465938846831	1.72260780630784	2.72336558959021	1.4518829820624	0.408840655633732	416	cluster.tp01
DSTN	5.17828461479872e-20	0.322368318733485	0.693	0.498	1.89530395186248e-15	924	0.566626202000532	1.24241492347959	1.66863710803382	2.05923185480196	3.30746490399945	1.68459023539554	0.512395105269653	1333	207	0.645331156449197	1.13326036359919	1.39818618843915	1.76150167272425	2.76275314285496	1.47437089203266	0.432650999256048	416	cluster.tp01
DUSP1	5.49832582933442e-32	-0.495637711202498	0.417	0.69	2.01244223679469e-27	556	0.521780605790778	1.04917262332764	1.31841275623347	1.72910835343675	3.37429788772962	1.43870524467375	0.493570022362469	1333	287	0.77058757150916	1.23234120696066	1.81807007627788	2.28360303931252	3.54740291315798	1.82059749212559	0.596058049076552	416	cluster.tp01
DUSP10	1.36972964450062e-22	0.259412740911779	0.229	0.06	5.01334747183671e-18	305	0.608914016569832	0.974108450171808	1.1608048239992	1.47524633131866	2.56200059012028	1.24661959552043	0.363759521118583	1333	25	0.692747420410708	1.00543732045494	1.1220849820532	1.38143907613828	2.21593015871003	1.22672827531889	0.349718068014438	416	cluster.tp01
DUSP5	8.12401671240619e-28	0.33449540929696	0.312	0.111	2.97347135690779e-23	416	0.562112883132313	1.03182985055759	1.23225500211429	1.66471913708128	2.90695778295355	1.36227280782488	0.429899835741356	1333	46	0.603646382319544	0.98438477513105	1.13354594701512	1.38727015402899	1.84298779575991	1.17764146080797	0.292411152757319	416	cluster.tp01
FAM177A1	2.31701642403288e-34	0.450192093989958	0.505	0.214	8.48051181360273e-30	673	0.71923064608015	1.06697633859196	1.43265124905262	1.86447737042023	3.23046829086559	1.50769345985394	0.522316164800024	1333	89	0.815681615635644	1.01442534408231	1.20884811868911	1.54558562930046	3.12877542576334	1.35130432231197	0.463928481755718	416	cluster.tp01
FAM53B	2.56189348119838e-12	0.259098613957254	0.425	0.238	9.3767863305342e-08	567	0.562112883132313	1.00406616310632	1.22338028068343	1.68059540790467	3.36498146058314	1.37308947619479	0.488996921880383	1333	99	0.603646382319544	1.07898395275335	1.20083198862238	1.47599503951891	2.73530307257986	1.3599825744579	0.444513926852745	416	cluster.tp01
FCER1G	3.57784011385682e-19	-0.42066611322717	0.332	0.584	1.30952526007273e-14	442	0.521780605790778	1.45629018399845	1.90326560562985	2.38436936776056	3.49934105569868	1.91203329946711	0.602201535512059	1333	243	0.848289564482974	1.67705475927521	2.03264242810872	2.40535681644365	3.65603055463394	2.0323739068012	0.575066274066782	416	cluster.tp01
FOS	1.33615156688766e-21	-0.524369127826123	0.224	0.469	4.89044834996552e-17	299	0.562112883132313	1.01192204674754	1.34739250373263	1.96809785564579	4.01898878933024	1.5581590433207	0.688649515304503	1333	195	0.77058757150916	1.27615811476123	1.9960564762269	2.56584890011923	4.15295089842092	2.00746334244776	0.787241571938674	416	cluster.tp01
FOSL2	2.20070558093988e-23	0.357851091029498	0.694	0.454	8.05480249679806e-19	925	0.632908831710861	1.16276595123645	1.56743739535981	1.97083301450523	3.80189082256537	1.60934520287543	0.530254457209643	1333	189	0.692747420410708	1.06998709886911	1.30278459261035	1.7500884590359	3.1563424122612	1.4345722455839	0.477102956305155	416	cluster.tp01
GABARAPL1	7.725472199688e-26	0.363827448674741	0.503	0.255	2.82760007980781e-21	671	0.568213544549532	1.05475014344404	1.30493505657455	1.65349384780331	2.98955466600737	1.38708031691369	0.411153314504463	1333	106	0.603646382319544	0.987862442831866	1.18503797299274	1.46659353165901	2.37018028595242	1.25462943657691	0.346734136284055	416	cluster.tp01
GSPT1	3.74645453733053e-18	0.282817776477569	0.371	0.18	1.37123982520835e-13	495	0.566626202000532	0.998564972551853	1.17206736856567	1.52946115665803	2.83095738596262	1.2877313873533	0.401295146518339	1333	75	0.645331156449197	0.974729821436467	1.10491849499561	1.3266810629233	2.00787212911214	1.19280173952067	0.304866551597291	416	cluster.tp01
GTF3C1	9.1566816689442e-21	0.345386628094931	0.56	0.312	3.35143705765027e-16	746	0.632908831710861	1.05243850114773	1.39933472786691	1.83424236669401	3.03354143035593	1.46929785259608	0.485859783562547	1333	130	0.749267068083766	1.06138077407076	1.26559390042624	1.69616969960244	2.92246542054394	1.38978992175939	0.421776765572414	416	cluster.tp01
GZMB	7.47035862065566e-39	0.344545275314501	0.947	0.844	2.73422595874618e-34	1262	0.773028385178031	2.63092419790698	3.10145276915691	3.48673224969548	4.68955810171217	3.01744355400149	0.665170578451661	1333	351	0.692747420410708	1.98958451759514	2.46605184902437	2.90158587127771	4.19715797712206	2.41468109375347	0.674378602221167	416	cluster.tp01
HLA-DPB1	1.88877460133113e-14	0.281991453272277	0.653	0.469	6.91310391833208e-10	871	0.683877811360805	1.24571147114766	1.6746899999433	2.05846143718122	3.01685296638753	1.67917414848875	0.503767126836028	1333	195	0.645331156449197	1.14816195960168	1.52924156924696	1.90801615778644	2.68202813699569	1.5463429008852	0.453874276578584	416	cluster.tp01
HLA-DRB1	1.12368289658411e-14	0.303687134339424	0.448	0.269	4.11279176978749e-10	597	0.521780605790778	1.08779709488248	1.51482301960555	1.93375220300315	3.86959426448643	1.57980724285457	0.581314607675968	1333	112	0.603646382319544	1.04366323095644	1.30356967806399	1.73620691226863	3.17482512799157	1.42409326439134	0.502542501580477	416	cluster.tp01
HOPX	8.16519926647529e-12	-0.256999855637514	0.558	0.697	2.98854458352262e-07	744	0.626637562383626	1.19711012321423	1.62958118362371	2.04979075937029	3.21351542149005	1.66134287208818	0.534137740074507	1333	290	0.844035029075554	1.47955243525356	1.85846675173368	2.20472628699723	3.59725791081906	1.86921692960319	0.549972517203686	416	cluster.tp01
IDI1	1.56783714704679e-14	0.272193251165007	0.645	0.447	5.73844074190596e-10	860	0.562112883132313	1.09718132621472	1.46186750393085	1.86005638497417	2.82323041915953	1.49955675146133	0.463841349185125	1333	186	0.603646382319544	1.07238383111739	1.29615701160181	1.72084710114249	2.57787706430115	1.40717829861378	0.422331645947301	416	cluster.tp01
IFI27	2.92782426229428e-17	0.251895564560121	0.151	0.034	1.07161295824233e-12	201	0.562112883132313	1.06361128922324	1.33159210610179	2.2058037184276	3.48848872214503	1.68503356990634	0.769655039115871	1333	14	0.873745682930813	1.20654560424821	1.56233729825954	1.7675908410758	2.65149611519828	1.57986885819457	0.476701073360492	416	cluster.tp01
IFIT2	1.71119543305077e-23	0.330474909178993	0.217	0.06	6.26314640450913e-19	289	0.562112883132313	1.06224698136352	1.29734687510339	1.99936114797307	5.13352925936118	1.66001143898037	0.887049374036582	1333	25	0.894336883874707	1.01746020963904	1.15915113321375	1.56145894241134	2.48235529235255	1.35602642050055	0.411718348203683	416	cluster.tp01
IFITM1	9.98578651589279e-18	0.295049653499737	0.702	0.531	3.65489772268192e-13	936	0.581840287766472	1.29138640111972	1.67970143352186	2.04702114100355	3.06923602848791	1.68453173561089	0.503215043847324	1333	221	0.603646382319544	1.12362384257851	1.40953699762249	1.74851866290355	2.70018346082996	1.466557744579	0.433992652653545	416	cluster.tp01
IL32	2.98639353337383e-21	0.419104189388795	0.728	0.493	1.09304989715016e-16	971	0.822848299783109	2.56369490402624	2.96632646444377	3.32944704966423	4.36862130418409	2.88888548727372	0.608504469882634	1333	205	0.692747420410708	2.31409562022533	2.8530084327453	3.18865633930721	4.12786641572464	2.68211230156436	0.722189087496974	416	cluster.tp01
JMJD6	4.88976763524592e-18	0.306287909659599	0.443	0.24	1.78970385217636e-13	591	0.626637562383626	1.05341069504134	1.27890084089049	1.67536941505116	2.85686615622283	1.39017449111306	0.430987171644441	1333	100	0.807404777588481	1.01752685221313	1.16293075015802	1.4232625004494	2.57815823747726	1.27784222482268	0.382101423530861	416	cluster.tp01
KLRB1	9.87026211975146e-20	-0.427021806587043	0.41	0.623	3.61261463845023e-15	547	0.728534192144268	1.44245853933714	1.92678511617415	2.43341430180108	3.63065940592782	1.94365262703639	0.651164960813508	1333	259	0.847221677166521	1.88562864452934	2.35364026379433	2.69266219706166	3.74699702990287	2.27558403251975	0.625603625199882	416	cluster.tp01
LAG3	9.68316595876548e-25	0.326595224906487	0.303	0.103	3.54413557256775e-20	404	0.521780605790778	1.04063064572936	1.29609198976892	1.66799787180579	3.38695394626786	1.39062356445775	0.448175720674146	1333	43	0.844564373491543	0.990731184761629	1.30142030794683	1.60083046377627	1.95818130199975	1.29152163115917	0.331290632120756	416	cluster.tp01
LDHA	2.52209512852546e-15	0.260182851385417	0.755	0.589	9.23112037991605e-11	1006	0.566626202000532	1.30317498612416	1.63587365515975	2.00142465086929	3.26946408960189	1.66527270227701	0.474783823053941	1333	245	0.749267068083766	1.09807923961498	1.47174499297448	1.79071856146258	2.91434821331261	1.50160074918224	0.451206832914187	416	cluster.tp01
LGALS1	3.25693190348969e-16	0.310023586743949	0.764	0.587	1.19206964599626e-11	1019	0.632908831710861	1.61754033455063	2.17099356518735	2.68255861432197	4.3916644617126	2.16803333370844	0.700703373990438	1333	244	0.802074951283096	1.38102546231854	1.90044248054176	2.48007152676246	3.55170683625674	1.94954201481768	0.672323019621052	416	cluster.tp01
LINC01871	2.22440913391992e-17	0.305742984443262	0.449	0.262	8.14155987106032e-13	599	0.568213544549532	1.10384470760644	1.39247606192086	1.73464229241846	2.78861214776495	1.45930785727771	0.440991846405574	1333	109	0.603646382319544	0.988921527579461	1.19694888727462	1.53307531188429	2.40995170183943	1.29589869101722	0.379970027934657	416	cluster.tp01
MAP3K8	5.60666065119906e-13	-0.284959430114138	0.479	0.635	2.05209386494537e-08	639	0.562112883132313	1.04977583433604	1.37389858169033	1.79998488465326	3.18642933057222	1.46269698130015	0.496895187820176	1333	264	0.75880304997413	1.21182339279092	1.64627563342555	2.08077816425987	3.27769338583864	1.69026494768302	0.548417431721077	416	cluster.tp01
MATK	2.4109344449186e-18	-0.317056719207926	0.473	0.678	8.82426116184657e-14	630	0.566626202000532	1.03962404815108	1.2882391249728	1.66547124153566	2.84229485571925	1.38260522347607	0.430173856670856	1333	282	0.603646382319544	1.21398171920326	1.57248705159678	1.86436219098978	3.70773632578331	1.56344962228289	0.448805030833769	416	cluster.tp01
MECP2	1.75681947292542e-15	0.288802107002295	0.551	0.329	6.43013495285431e-11	734	0.603721509785346	1.03785471969797	1.32384965535479	1.67474874424152	3.25150945119568	1.39851067408415	0.457679249701016	1333	137	0.603646382319544	1.06998709886911	1.25187082819175	1.62192730819757	2.47846871234069	1.36323092404371	0.395685283207477	416	cluster.tp01
METRNL	1.82755989260809e-79	0.663780594220865	0.825	0.481	6.68905196293488e-75	1100	0.635946939497789	1.58324165024578	2.1003736047067	2.54901632637808	3.73701254315474	2.0629717262944	0.640454587141001	1333	200	0.603646382319544	1.13417269185395	1.41012213979829	1.74734429068453	2.99494886282868	1.46806399696696	0.441598269964841	416	cluster.tp01
MYOM2	4.49324443186559e-125	0.839417233227371	0.443	0.036	1.64457239450712e-120	591	0.521780605790778	1.53650333820783	1.99678960862072	2.4338424717805	3.41645635122304	1.98231682568798	0.597054191561775	1333	15	0.77058757150916	1.08067708427632	1.20572565315335	1.73215851465695	2.1947395527603	1.38803190052655	0.441029701923543	416	cluster.tp01
NFE2L2	5.04514459609075e-31	0.414580629821748	0.507	0.238	1.84657337361517e-26	676	0.566626202000532	1.0976200257234	1.43277575593292	1.77481073032085	3.07299037367214	1.47617500330143	0.462209443826365	1333	99	0.603646382319544	0.996141428526996	1.22169001328964	1.53016308371727	2.24962334392318	1.31048943449445	0.379925606642179	416	cluster.tp01
OASL	9.6675170539611e-31	0.393169914475608	0.371	0.13	3.5384079169203e-26	495	0.521780605790778	1.04282692482847	1.292726848036	1.73705167567749	4.23103928813228	1.44367077304536	0.532857471510099	1333	54	0.75880304997413	1.00609718119548	1.21141491894618	1.52683938889137	2.57815823747726	1.30707278541607	0.382016360770477	416	cluster.tp01
PATL2	9.78029842227952e-18	0.283315178775705	0.338	0.168	3.57968702553853e-13	451	0.562112883132313	1.03656189213214	1.24355414801714	1.63745695068234	3.21810814418565	1.37791416190905	0.437601747100707	1333	70	0.810236398107597	0.988921527579461	1.18708883113126	1.35353564126807	1.90699841603532	1.21694396409964	0.269475585178509	416	cluster.tp01
PDE4B	3.08115226959759e-29	0.320569778131044	0.273	0.072	1.12773254219541e-24	364	0.581840287766472	1.01285943807387	1.19848434988899	1.55430737576183	2.67225372968421	1.31404615111456	0.412266534656087	1333	30	0.645331156449197	0.992861568399659	1.17176314644139	1.33282408305308	2.32595519261739	1.22142324778579	0.361428705664912	416	cluster.tp01
PDE4D	1.50929921911089e-18	0.336225472817927	0.523	0.286	5.52418607186778e-14	697	0.562112883132313	1.1010180636857	1.45540772047331	1.82371106903466	3.37310698435427	1.49903599794299	0.479508912133987	1333	119	0.749267068083766	1.10237804405991	1.27759263606303	1.70757428242962	2.88487939414814	1.44369861811534	0.48125948184149	416	cluster.tp01
PTGDR	8.84813276258197e-11	-0.257384197116872	0.207	0.365	3.23850507243263e-06	276	0.521780605790778	0.96789224734026	1.10048273301839	1.36216941822567	2.68393268459487	1.2097926649213	0.37681519309235	1333	152	0.692747420410708	1.03792711514144	1.22338038579241	1.67529548417954	2.7655189154242	1.35397654009068	0.397563733793131	416	cluster.tp01
PTGDS	1.18181389525832e-10	-0.433644151209147	0.188	0.353	4.32555703803497e-06	250	0.632908831710861	1.1812227481949	2.11351356090396	3.35292432514882	4.99024377474913	2.3343367965523	1.16667951859009	1333	147	0.77058757150916	1.55913177761895	2.72137328218681	3.68656151307864	5.09900344484495	2.66564945032302	1.17459334841992	416	cluster.tp01
PTPN7	6.21100483779288e-13	0.266533821059888	0.64	0.457	2.27328988068057e-08	853	0.568213544549532	1.13281308475389	1.52641640432717	1.92278545483482	3.75954109316022	1.58328219624713	0.547175111584325	1333	190	0.692747420410708	1.08260564935874	1.33674452194937	1.78368037488277	3.5800011823085	1.47475805327837	0.497958618876479	416	cluster.tp01
PTPRE	3.2788071747384e-21	0.342425851955574	0.57	0.356	1.200076214026e-16	760	0.626637562383626	1.08222090539271	1.46685009979175	1.87710279032179	3.28080856482649	1.52626235138415	0.505599919724074	1333	148	0.603646382319544	1.04942317124874	1.22507960692024	1.49888846184114	2.46901528245137	1.33525523992502	0.395606863778702	416	cluster.tp01
RANBP2	2.43885055873099e-14	0.261492954579036	0.374	0.202	8.92643693001131e-10	499	0.521780605790778	1.00269795746233	1.16594951843692	1.57788530176746	3.17171875146081	1.33226736723946	0.461300964484535	1333	84	0.603646382319544	0.993825105957692	1.1502496761946	1.36521730972916	2.27402056526025	1.23944854552454	0.352714217120989	416	cluster.tp01
RORA	2.14445849374636e-13	0.26734262866087	0.7	0.5	7.84893253296105e-09	933	0.635946939497789	1.17872423163783	1.59401801611707	1.9982579957542	3.68935314346618	1.63854095803382	0.548203802303268	1333	208	0.692747420410708	1.15000102978843	1.47694002009124	1.90533329680174	2.93183297968347	1.56742383626683	0.494592970955453	416	cluster.tp01
RPL39L	2.10660169150289e-12	-0.256670273850269	0.068	0.212	7.71037285106975e-08	91	0.521780605790778	0.932725332305398	1.04163724330763	1.16849381550559	1.69206070452363	1.05946746844506	0.217524602027159	1333	88	0.785155593527713	1.05904565292022	1.22465950711387	1.48491858488603	2.31519163569176	1.32896960195335	0.375652026070712	416	cluster.tp01
S100A11	4.81913393887691e-29	0.403761079928702	0.636	0.387	1.76385121296834e-24	848	0.740666766288471	1.1783361885814	1.59032920144362	1.95687776682974	3.09036949568405	1.62661331615054	0.511426446908318	1333	161	0.692747420410708	1.08363958972953	1.30542492571356	1.67527766992964	2.51371580201483	1.39027601509183	0.386120376208891	416	cluster.tp01
S100A8	3.87890672631208e-55	0.510184983898616	0.41	0.084	1.41971865089749e-50	546	0.521780605790778	1.04353978703592	1.28648601287216	1.69568501583596	3.7880259336608	1.42397966419791	0.508115726084138	1333	35	0.77058757150916	0.983546451937783	1.14963232167946	1.39271734726635	3.38957325346575	1.32718267319362	0.531660619990746	416	cluster.tp01
S100A9	5.2261143238698e-59	0.53806782199144	0.444	0.091	1.91281010367958e-54	592	0.562112883132313	1.05365449433778	1.30699600576015	1.7305227947427	3.24536400033678	1.4213277438191	0.474907764587656	1333	38	0.603646382319544	0.972571567772745	1.18665547852469	1.4950611084179	3.5662584449154	1.3510614126593	0.575747775188909	416	cluster.tp01
SAMSN1	7.9669881549086e-48	0.41110149818519	0.346	0.084	2.9159973345781e-43	461	0.562112883132313	1.00874603265778	1.19309371701908	1.571020657486	2.98463809626959	1.31132803678279	0.405243161196813	1333	35	0.749267068083766	0.972224327578601	1.06998709886911	1.1551417423406	2.05506584619065	1.10664277689882	0.230750238232093	416	cluster.tp01
SERPINB9	1.03903413224418e-20	0.316352513640784	0.37	0.154	3.80296882742693e-16	493	0.603721509785346	1.03962404815108	1.22473627724012	1.60497290740812	2.90695778295355	1.34118569120434	0.41220651630466	1333	64	0.815681615635644	1.03049520515313	1.20521583667642	1.47832080435897	2.69244800991692	1.30946554767465	0.377507258265447	416	cluster.tp01
SH2D2A	8.58141116819513e-32	0.422636103183386	0.572	0.272	3.1408823016711e-27	763	0.568213544549532	1.06107188631013	1.36994481994059	1.74178959257789	2.97709198864098	1.44255415574686	0.460617539805494	1333	113	0.603646382319544	1.03130670304826	1.23277142134787	1.53707526384671	2.91434821331261	1.33299673421416	0.426195822660239	416	cluster.tp01
SKIL	1.09497909297198e-14	0.260843863191886	0.323	0.149	4.00773297818673e-10	430	0.568213544549532	1.03962404815108	1.22609588954644	1.54937172913617	3.72535192217174	1.34224122785944	0.426154343214681	1333	62	0.603646382319544	1.08260564935874	1.27058715904278	1.47955243525356	2.28901830154527	1.31486465916828	0.349490246404252	416	cluster.tp01
SLA	1.64341813152202e-39	0.472015184748647	0.587	0.293	6.01507470318376e-35	783	0.603721509785346	1.0774695400799	1.48807705542983	1.9365543722278	4.11859459307851	1.55789892702926	0.553147669089615	1333	122	0.603646382319544	1.06898144966356	1.21001419516321	1.47955243525356	2.93183297968347	1.29815189077787	0.35718479861714	416	cluster.tp01
SLA2	6.39321310687443e-30	0.382380805465819	0.401	0.142	2.33997992924711e-25	534	0.562112883132313	1.0318876932336	1.23045377838665	1.63387904759325	2.75995641543836	1.35351665543332	0.422357350063463	1333	59	0.692747420410708	1.0031989136241	1.1651897711932	1.37408191671597	3.03882603952304	1.29132702316181	0.43736747931219	416	cluster.tp01
SLC7A5	4.11807871879878e-34	0.378594617548804	0.33	0.096	1.50725799186754e-29	440	0.568213544549532	1.03585738535694	1.22448256858566	1.62514389446364	3.31766158260639	1.36781886463639	0.461550161958118	1333	40	0.645331156449197	0.912594641452258	1.09141781806755	1.42363179397669	2.50489479408477	1.21127680466519	0.43849163313269	416	cluster.tp01
SMAD7	4.49958358104594e-12	0.254210068057855	0.599	0.416	1.64689258649863e-07	798	0.562112883132313	1.0896270273709	1.4679426446238	1.79217625746399	3.51192664601481	1.51020964737859	0.482251446482429	1333	173	0.645331156449197	1.10464852429996	1.31971527505368	1.6746899999433	3.11238526667374	1.43429557077534	0.438700256210468	416	cluster.tp01
ST3GAL5	6.6745871762296e-29	0.35700465416195	0.367	0.151	2.4429656523718e-24	489	0.581840287766472	1.01734745596486	1.24355414801714	1.65443392472602	2.94880745714876	1.37948656111167	0.447646108705315	1333	63	0.603646382319544	0.987020889615834	1.09968009442894	1.30139533760687	1.84927813921732	1.16151300377756	0.265061740616246	416	cluster.tp01
SYTL3	8.25835823171044e-27	0.364172241403093	0.742	0.505	3.02264169638834e-22	989	0.692497813669822	1.17950375313718	1.58047873751612	1.95297183875224	3.39861511579855	1.61918026598267	0.499185785099133	1333	210	0.603646382319544	1.06138077407076	1.3472017960469	1.6802341060118	2.82646258005671	1.40695778517315	0.43659903160452	416	cluster.tp01
TENT5C	1.49432505187621e-15	0.288080920528266	0.533	0.329	5.46937912237212e-11	711	0.632908831710861	1.062496031647	1.36384631639314	1.70679661740179	3.08742236747671	1.42337604633289	0.436290204668188	1333	137	0.692747420410708	1.03130670304826	1.21832513789016	1.56459081481167	2.72892364500999	1.33840470385743	0.392652996426553	416	cluster.tp01
THEMIS2	2.48456826764541e-15	-0.339606178703895	0.191	0.389	9.09376831640896e-11	255	0.562112883132313	0.959431711820399	1.13956179896862	1.50137357602415	2.84687061247852	1.27171030113513	0.438501894542081	1333	162	0.692747420410708	1.11735774384135	1.40130899713528	1.74812676048036	2.82646258005671	1.4720610250181	0.441891627457733	416	cluster.tp01
TNFRSF1B	5.79271472443048e-37	0.439991360559782	0.718	0.438	2.1201915162888e-32	957	0.632908831710861	1.19250717142989	1.59833109456711	1.9871325190228	3.50429727953181	1.63733790987198	0.528165887664656	1333	182	0.603646382319544	1.0781074563807	1.30010932459442	1.6145776603373	2.36492133554336	1.37975063069133	0.370492787823414	416	cluster.tp01
TRGC2	1.19823471027147e-23	0.382891070729948	0.473	0.24	4.38565886306459e-19	630	0.635946939497789	1.12320369180543	1.56444135437766	1.94625308458679	3.1828218922261	1.58675691894927	0.530720814450069	1333	100	0.749267068083766	1.09681711746368	1.33113620063967	1.64100842379954	2.61250056533107	1.42280348948107	0.429500877070333	416	cluster.tp01
TRMT112	1.9557755163578e-16	0.28099716492384	0.608	0.406	7.15833396742118e-12	810	0.521780605790778	1.0806728262953	1.38508126476486	1.68881504459798	2.79799528123935	1.4146983121331	0.399262569813784	1333	169	0.603646382319544	1.05243850114773	1.23484197164666	1.4833610790621	2.35774438003771	1.30591499396431	0.333968627167715	416	cluster.tp01
TUBA4A	1.21217220156667e-22	0.354571403685562	0.658	0.45	4.43667147495415e-18	877	0.566626202000532	1.22686178828076	1.62793142351789	2.04533395431863	3.4826465252231	1.68325974345483	0.538539381843896	1333	187	0.75880304997413	1.1020395351381	1.32465977335791	1.70733968414053	2.96436300988635	1.44205998159235	0.438370115038947	416	cluster.tp01
UPP1	3.59047158789849e-16	0.29278118399001	0.492	0.291	1.31414850588673e-11	656	0.566626202000532	1.03844389827091	1.30719233906162	1.72028233307295	2.98196756108314	1.39841136504328	0.436061671496794	1333	121	0.785155593527713	1.01960769359263	1.18294733321538	1.47446656540814	2.75265943494018	1.29996625308211	0.401140374100278	416	cluster.tp01
USP36	2.2496727781305e-14	0.253596690388524	0.323	0.149	8.23402733523546e-10	431	0.562112883132313	0.9761658961613	1.15155178662365	1.52782931243791	3.20515435434305	1.29127777953245	0.421640854392881	1333	62	0.603646382319544	0.984174856667648	1.14523881892253	1.39681081892709	2.2906131819356	1.26820327390219	0.408535143681808	416	cluster.tp01
VPS37B	1.39110187850531e-15	0.291841228737898	0.515	0.3	5.09157198551729e-11	686	0.521780605790778	1.04700751631511	1.28016590393806	1.66356142257889	3.47756420733895	1.40729230400687	0.473145197537702	1333	125	0.818929248468554	1.08623393730541	1.23501487044517	1.57635641238826	2.50489479408477	1.35933824153021	0.387938722379351	416	cluster.tp01
ZNF331	1.90396231811487e-17	0.328580222897751	0.478	0.305	6.96869248053225e-13	637	0.626637562383626	1.11749615371311	1.55715852192089	2.08101813831017	3.79136455259056	1.6535947645084	0.610443596464661	1333	127	0.603646382319544	1.08493676351747	1.28416416398736	1.70699491091525	2.79634280824789	1.39400486076275	0.422559317675553	416	cluster.tp01
AREG	6.54343810497998e-14	-0.285696065851147	0.347	0.499	2.39496378080372e-09	625	0.491766923460602	1.16065427211032	1.65204321679743	2.21936902904859	3.87363335810715	1.75709944310989	0.694544556195368	1802	346	0.632660457443344	1.34633979900985	1.86432405970322	2.42750513396557	4.00302283373135	1.92655703893257	0.679395215076404	693	cluster.tp02
CCL3	9.04201793129148e-11	-0.276698103811423	0.274	0.372	3.30946898303199e-06	494	0.635570750202258	1.06873036024489	1.44343684322566	1.95800707076414	4.39477842833887	1.61127719753684	0.685924648917074	1802	258	0.682132120329268	1.15407260179942	1.89289628686134	2.60529779291622	4.6723235287412	2.00519140887226	0.913000151372729	693	cluster.tp02
CCL4	5.02021159423709e-23	-0.305325601419103	0.741	0.833	1.83744764560672e-18	1335	0.545565599080371	1.36253501653336	1.81033167280907	2.310939245889	5.29150819861422	1.91213461219428	0.755600294403154	1802	577	0.500893498208744	1.61361093831174	2.14360348589712	2.94538684653599	6.02781442309676	2.38547811086852	1.07900310124532	693	cluster.tp02
CD3D	2.17100449673587e-15	0.300292869973062	0.461	0.294	7.94609355850295e-11	830	0.647972044175412	1.81061680097097	2.22265500090631	2.58033038688012	3.46297901488398	2.17516725793537	0.566437132354177	1802	204	0.988815508732518	1.80860146916594	2.20766307616541	2.45813127488868	3.36169123753091	2.12554735793753	0.506719091394598	693	cluster.tp02
CD3G	1.44882412897798e-14	0.282342308802141	0.456	0.302	5.3028411944723e-10	821	0.823349931012357	1.78788113315725	2.12287266256564	2.44431237593706	3.57262818194905	2.08369265628814	0.524283058795043	1802	209	0.589426915586328	1.66027520171672	2.0556596178288	2.35265584097417	3.02958102269013	1.99893997814029	0.48731790841776	693	cluster.tp02
CD8A	1.97951761228388e-13	0.263070605224215	0.421	0.257	7.24523241272022e-09	758	0.687298920842402	1.30630774593166	1.84691304441799	2.29911844919972	3.18044318017125	1.82024228872133	0.58337854151897	1802	178	0.711752846528958	1.39236240951403	1.87471550244289	2.24987637020316	3.01013423843184	1.83511721275195	0.560630877226965	693	cluster.tp02
DDX3Y	4.26870550437994e-16	-0.252842217805827	0.36	0.535	1.5623889016581e-11	649	0.491766923460602	1.02864328106111	1.23900662303368	1.61716244392321	3.57307679693321	1.35774413987394	0.424412414990741	1802	371	0.589426915586328	1.08988984451936	1.33985487050819	1.74917233127088	3.64036522589665	1.44618442607153	0.470099484015663	693	cluster.tp02
DUSP1	5.28354348720675e-21	-0.295164499889197	0.504	0.662	1.93382975175254e-16	909	0.583201523283046	1.0681032005687	1.41035595992982	1.85759852342962	3.61935069389987	1.49966329600977	0.522924043145425	1802	459	0.500893498208744	1.18169253393427	1.66027520171672	2.21949217973122	3.29779695788859	1.74421036672903	0.609968246289861	693	cluster.tp02
FOS	3.44058983659701e-25	-0.414599347029756	0.333	0.519	1.25929028609287e-20	600	0.491766923460602	1.05310650951533	1.31297483299079	1.87907040502617	3.81910212583414	1.5444716177959	0.662216806367948	1802	360	0.682132120329268	1.23206384405917	1.81642301913085	2.53335819744197	3.85820692333073	1.96040117671053	0.796189251569365	693	cluster.tp02
H1FX	5.28413292901086e-18	0.282601468671258	0.671	0.478	1.93404549334726e-13	1210	0.547402503338385	1.30630774593166	1.85935030447748	2.37106003102387	4.15271906214796	1.88965550268538	0.668648017588245	1802	331	0.738891424113563	1.2280598600397	1.68971508311198	2.28276889325756	3.91723109463352	1.81152523771485	0.689960055971267	693	cluster.tp02
HIST1H1E	3.47100515300292e-62	-0.452164527281632	0.592	0.837	1.2704225960506e-57	1067	0.540608566495833	1.10182263615453	1.48073196410333	1.87087904437864	3.33230094374059	1.52617680203335	0.499454469262369	1802	580	0.500893498208744	1.4946731940481	1.89250348139089	2.34921363383786	3.58937033022457	1.91699037945301	0.61292146356164	693	cluster.tp02
IFI44L	3.34309854636209e-15	-0.250940249027333	0.108	0.245	1.22360749895399e-10	194	0.583201523283046	0.995220426633145	1.14963837043719	1.53492935031526	2.90695778295355	1.28689784871257	0.412690230466446	1802	170	0.794882873185652	1.12742086529988	1.29890263360531	1.72519403305291	2.69544810697013	1.44652981999089	0.445929309463624	693	cluster.tp02
IFITM1	2.5211091039752e-55	-0.382145589373843	0.722	0.864	9.22751143145962e-51	1301	0.684607924840602	1.26686859497232	1.63720613185559	1.98630011897292	3.03617989189796	1.6517223333193	0.467522219130803	1802	599	0.660839496382216	1.75594215931322	2.16996207632236	2.57362256970807	3.71696019976296	2.14892778529848	0.595706450294575	693	cluster.tp02
IGKC	1.13051908075793e-39	0.378966399503606	0.541	0.271	4.13781288748209e-35	975	0.531312682742616	1.03328497795961	1.22338028068343	1.70109638351494	3.97016110482699	1.40562801514635	0.504926549998577	1802	188	0.767667472844854	1.00303454772286	1.17623747344359	1.49811114227015	3.35225903284059	1.30428588493895	0.411544375573856	693	cluster.tp02
IL32	7.97944088074556e-15	0.262763251700026	0.733	0.56	2.92055515676168e-10	1321	0.678094604295029	2.5144115335665	2.98601691252871	3.34823307129391	4.48740668139098	2.85317575712203	0.71657435083974	1802	388	0.914554256481976	2.39502971085583	2.94030874087502	3.33398481095805	4.35952635654341	2.81631138955476	0.669966616560918	693	cluster.tp02
LGALS1	2.8153594894452e-23	0.283883329899193	0.775	0.655	1.03044972673184e-18	1396	0.689566512322075	1.5834726485599	2.20909303279797	2.7263084532825	4.61080705258307	2.19258944290786	0.774499564369535	1802	454	0.714404817267933	1.24215091276888	1.80458207552711	2.36895020912945	3.53016093317025	1.85699290252437	0.665387691277621	693	cluster.tp02
MT-ATP8	5.0194398500508e-34	-0.386173156209021	0.218	0.476	1.83716517951709e-29	392	0.511573407157315	0.971294890550011	1.09661629768415	1.38231391879971	2.58701526350184	1.19752772818208	0.342058845406663	1802	330	0.589426915586328	1.06342502182856	1.24955820752094	1.56533871520975	2.9837470406707	1.35950318930578	0.418744854303782	693	cluster.tp02
MT-ND4L	7.92013432468606e-34	-0.328719452035804	0.561	0.762	2.89884836417834e-29	1011	0.491766923460602	1.06954707081369	1.34173020814965	1.71111829442737	3.29570847981851	1.43164141722933	0.46042290523815	1802	528	0.714404817267933	1.215482921591	1.62000411889667	2.00148349084852	3.3999139767374	1.65985521978674	0.51553164338721	693	cluster.tp02
MT-ND5	4.72312421010865e-55	-0.264565346188927	0.883	0.973	1.72871069214187e-50	1591	0.583201523283046	1.74454470644114	2.2506359240339	2.66729637613689	4.66351529445805	2.21955568792785	0.651836083553217	1802	674	0.916080783310782	2.26934127872548	2.68929916568565	3.08713718172788	4.33708264995824	2.62740224476854	0.644296482536333	693	cluster.tp02
MTRNR2L12	1.38117435751582e-142	-0.506874403916668	0.744	0.973	5.05523626594366e-138	1341	0.547402503338385	1.25814607856977	1.71596562985852	2.18944037173211	4.72033788561362	1.78931140984698	0.658177828993418	1802	674	0.909121176107053	1.99486664093608	2.35934951808171	2.7519723009537	4.42583515607078	2.37827458253878	0.592028825062171	693	cluster.tp02
MYOM2	8.01763055761648e-62	0.450577071623082	0.259	0.046	2.93453296039321e-57	466	0.540608566495833	1.25661557107623	1.73090623311001	2.20203902996569	3.62282374764712	1.76608809377481	0.580199961260533	1802	32	0.810930216216329	1.02298765843754	1.29507200218669	1.78459922951002	2.64813504203081	1.42822891522346	0.472205495316912	693	cluster.tp02
PTGDS	9.28659177596087e-18	-0.455428587895393	0.16	0.316	3.39898545591944e-13	289	0.531312682742616	1.12601126285622	1.8735176429865	2.91270062418399	4.77980545222041	2.09992428305408	1.05003586473563	1802	219	0.666873485589401	1.40135293464475	2.86854049623893	3.61433004630234	4.85524167897696	2.63586794407199	1.1584410108532	693	cluster.tp02
PTGER4	2.65050155975621e-18	-0.274955106430921	0.305	0.481	9.70110075886371e-14	550	0.545565599080371	0.983231418203317	1.14749972907051	1.53922832866721	2.81680118902279	1.26468991132886	0.379597588136835	1802	333	0.589426915586328	1.06923266812781	1.28444751433699	1.67845983215565	3.29362468851278	1.40890151765253	0.454877386186651	693	cluster.tp02
XIST	2.87807604371188e-116	0.633106794641051	0.287	0	1.05340461275899e-111	517	0.511573407157315	1.30239446507895	1.90035706071708	2.40924488573241	4.00743137204933	1.92016244834844	0.702738699006573	1802	NA	NA	NA	NA	NA	NA	NA	NA	NA	cluster.tp02
ZNF331	2.05043926466645e-15	-0.256960778523991	0.27	0.429	7.50481275260568e-11	486	0.540608566495833	1.0040108322407	1.16042857423739	1.53836624197924	3.16488522901461	1.29360441665388	0.413621674532517	1802	297	0.682132120329268	1.06635142644989	1.27610125062386	1.72500447137959	2.96218639546855	1.42767925491302	0.466468037828613	693	cluster.tp02
ABI3	1.69544512866186e-07	-0.31977123465644	0.209	0.474	0.00620549871541526	312	0.622527506923193	1.03364011476862	1.16246410929267	1.37049409056432	2.88914482177887	1.23920686625902	0.312279712453181	1490	65	0.603383587808824	0.924529208323194	1.16549353808725	1.46659353165901	2.01657317612479	1.20560889807867	0.341216203890244	137	cluster.tp03
ACTR3	1.63328481016199e-12	-0.380962716741717	0.513	0.788	5.97798573367391e-08	765	0.627734915373777	1.10505353477097	1.31620919023433	1.69586673235284	2.88914482177887	1.41771075076993	0.390463788077669	1490	108	0.759347008548054	1.18053693763488	1.61245825545155	1.92617825233701	2.64084667535498	1.58573709366601	0.452554795545828	137	cluster.tp03
AL627171.2	1.64534544730726e-05	-0.2678627571499	0.304	0.526	0.602212887168929	453	0.395170302564178	1.04425519403636	1.16777741060764	1.42253553027574	3.13453819291178	1.26600430431679	0.339662383965664	1490	72	0.707030621198177	0.885620952066858	1.17257666664691	1.62690239538339	2.57928385152353	1.27000974957833	0.465564416518854	137	cluster.tp03
ARHGAP15	1.70548916226382e-05	-0.257956461277256	0.208	0.431	0.62422608828018	310	0.607807206265951	1.02370371441888	1.1387674700676	1.37235788648286	2.39517245390798	1.20692829632386	0.28901783582485	1490	59	0.652173805748157	0.84945984783939	1.01129873681236	1.37771198571861	2.29782894816441	1.15184964772544	0.391372351740588	137	cluster.tp03
ARHGAP25	1.44816647219899e-06	-0.278950343679504	0.276	0.533	0.0530043410489553	411	0.395170302564178	1.0348045199115	1.16655810912996	1.38138465842948	2.36143382682417	1.2498052610313	0.321632421933351	1490	73	0.707917591932575	0.910983781641256	1.14497404929542	1.35534842658299	2.13303872768881	1.18532194103854	0.351523919383109	137	cluster.tp03
BCL11B	5.6262408339395e-07	-0.26650826154926	0.509	0.752	0.020592604076302	759	0.494471565509494	1.12020295422625	1.38099287399707	1.76310810462626	3.62140601410661	1.46839023021121	0.44198615819342	1490	103	0.762750087142832	1.12072059203064	1.37965626104079	1.77228983123606	2.69630717369857	1.46662802086673	0.479303104798534	137	cluster.tp03
BCL2	1.3886443701339e-05	-0.271819157651185	0.155	0.372	0.50825772591271	231	0.395170302564178	1.03328864156129	1.17268308264542	1.44850400477689	2.92235448835155	1.2701866112547	0.342508179305063	1490	51	0.603383587808824	0.901297426172492	1.15855108644011	1.34941710008305	2.472485825393	1.19560272542564	0.404960162156543	137	cluster.tp03
BDP1	1.50401576768028e-05	-0.252010526391979	0.345	0.577	0.550484811128661	514	0.395170302564178	1.05438435922636	1.20810921728132	1.55200586334822	2.81274513327326	1.33033394172286	0.37348731555789	1490	79	0.728118447141316	0.926368707523926	1.21606556339817	1.61684075594473	2.27037879501515	1.27874452079026	0.394745424191922	137	cluster.tp03
BTN3A3	2.91547381388105e-06	-0.267539025894068	0.14	0.372	0.10670925706186	209	0.573841904881098	0.999215054190209	1.13927280849917	1.29081284349628	2.17237096816587	1.17520809841129	0.276438797868832	1490	51	0.428914640968954	0.835374713336681	1.01263614967657	1.28374412358126	2.04153363933547	1.0803789258128	0.311291916067272	137	cluster.tp03
CCNH	2.12397088589269e-05	-0.255560639667703	0.262	0.489	0.777394583945584	390	0.596779385110497	1.02542095727375	1.15044379421587	1.43569435112672	2.77776009383232	1.2536453057365	0.333549465704921	1490	67	0.652173805748157	0.880995648248124	1.08884194424419	1.4118211461417	2.29782894816441	1.19727246190781	0.407259787164647	137	cluster.tp03
CD2	6.9068520334138e-09	-0.317269278023005	0.613	0.803	0.000252797691274978	913	0.573841904881098	1.21198873798719	1.6609657208989	2.00898929169822	3.29387449668014	1.66225275159292	0.494311384523481	1490	110	0.71397911879888	1.48534013959206	1.85049551870579	2.22780944158697	3.17317926872446	1.88692635721784	0.570176934723594	137	cluster.tp03
CDKN2D	5.29521083246252e-07	0.255967711734313	0.594	0.482	0.0193810011678961	885	0.60609792722144	1.12601126285622	1.38010146686379	1.72880552249059	3.00781421972196	1.46068116719466	0.414088468345601	1490	66	0.428914640968954	0.864975727538744	1.12873181545962	1.41176246812679	2.18242906305262	1.17065142817061	0.366817960815239	137	cluster.tp03
CEBPB	1.8709259888401e-06	0.26484851365547	0.613	0.467	0.0684777621175364	913	0.622527506923193	1.14304237843939	1.49532954966355	1.85668621861495	3.02380801661965	1.54560806267734	0.45674319347278	1490	64	0.707917591932575	0.935560009036779	1.28394269966927	1.57060290035227	2.37842775173845	1.32830622004269	0.447486137246315	137	cluster.tp03
CEP350	1.55423523979686e-05	-0.258367838228034	0.307	0.547	0.568865640118048	457	0.60609792722144	1.0538971591619	1.20164451456635	1.50917272537899	2.37671260383926	1.30560207284524	0.339896243525626	1490	75	0.603383587808824	0.873957550929588	1.11708103740762	1.5749118174433	2.3779542534715	1.23319100723826	0.436132704219634	137	cluster.tp03
CTR9	2.36705527136116e-05	-0.26417267810098	0.184	0.394	0.866365899870896	274	0.573841904881098	1.03014685353118	1.15214517122273	1.30591521364908	2.20412833931995	1.19793749990504	0.250364409468063	1490	54	0.603383587808824	0.817937953373734	1.0192061472251	1.47511630303706	2.36856984071559	1.18100608673141	0.442250044323799	137	cluster.tp03
CX3CR1	1.46741430744948e-07	-0.335209598204957	0.238	0.504	0.00537088310669586	355	0.395170302564178	1.04181528952794	1.17903590255675	1.41388027310894	2.91023490139558	1.26285996499305	0.342218047435634	1490	69	0.652173805748157	0.927197887050753	1.21000306768098	1.48534013959206	2.27379713042398	1.27299311107412	0.411060985659026	137	cluster.tp03
DDX3Y	2.10653545878938e-05	-0.259995402402075	0.328	0.569	0.771013043271501	488	0.60609792722144	1.08402787564548	1.24840716734119	1.60283328793073	2.97841908235231	1.36492878382197	0.373883552811578	1490	78	0.707917591932575	0.87131314047882	1.16428092719462	1.62924857899404	2.69630717369857	1.28708086213189	0.480223873321984	137	cluster.tp03
DGKD	1.61272535089463e-05	-0.265617872812409	0.286	0.526	0.590273605680943	426	0.573841904881098	1.06485489624934	1.198887023364	1.50917272537899	3.29737888635614	1.31993708231614	0.383219120892353	1490	72	0.428914640968954	0.903188939648182	1.18145828830556	1.51366640653736	2.88434764329278	1.24787217939395	0.455451284816105	137	cluster.tp03
DIP2A	1.39521632738171e-15	-0.450897152172786	0.477	0.839	5.10663127984979e-11	710	0.494471565509494	1.12306371855129	1.36775962652094	1.76037827239926	3.42463311405005	1.46079615009928	0.44237742343483	1490	115	0.707030621198177	1.15114891391351	1.47174499297448	1.94199747089932	3.32710777354797	1.57056843419079	0.582253444422859	137	cluster.tp03
DUSP2	5.86920483069408e-10	0.361057603620044	0.71	0.555	2.14818766008234e-05	1058	0.622527506923193	1.46852036360912	1.94531098075116	2.44929195870847	3.93112560749483	1.9642947679215	0.633034579900186	1490	76	0.771274367458731	0.99810909380193	1.5048594784225	1.9846139726323	3.26610168370572	1.55848542589752	0.586366534097244	137	cluster.tp03
EIF4G2	2.38643245948628e-07	-0.250437831107207	0.564	0.796	0.00873458144496573	841	0.494471565509494	1.1136349016769	1.34528897859447	1.69323651705841	3.07355205239854	1.42420370435849	0.394992806145059	1490	109	0.712281598306831	1.09304345963848	1.45276782336238	1.71959217402477	2.83213836410857	1.44015579994331	0.446040059494677	137	cluster.tp03
FOS	0.000227473386202199	-0.313191631384233	0.201	0.365	1	299	0.596779385110497	1.06910865650255	1.30945770381078	1.83556917039596	4.0796798422421	1.52867534190464	0.610879960959095	1490	50	0.738434714178175	1.05341044999307	1.57816152702541	2.19438517880036	4.13898778771982	1.7086353765562	0.816227279228294	137	cluster.tp03
GBP1	7.0807610967297e-09	-0.388352682050518	0.085	0.358	0.000259162936901404	127	0.573841904881098	0.990462679775637	1.10681236150169	1.35251715721376	2.47348003512333	1.19632727574044	0.334205117724766	1490	49	0.707917591932575	0.911784539435766	1.14963232167946	1.44839279434473	2.29782894816441	1.23681590019904	0.39027996494702	137	cluster.tp03
GIMAP4	1.32401974214379e-07	-0.330423486546391	0.379	0.606	0.00484604465822049	565	0.596779385110497	1.05304573978593	1.18831353218508	1.49573242484409	2.69073828525716	1.29591621812946	0.357692730139489	1490	83	0.771274367458731	1.11766956070212	1.46167502591427	1.73333080794387	2.40933704521816	1.44471575605283	0.440033298741426	137	cluster.tp03
GIMAP5	1.15007559259381e-05	-0.26534596378671	0.095	0.292	0.420939167645262	142	0.702836048298365	1.01791149560635	1.14919037441967	1.36449673814952	2.03168215820064	1.19661577756541	0.260852583407259	1490	40	0.71397911879888	0.882953240169709	1.02933012505587	1.32913042187957	2.25814306368322	1.16104606803568	0.387991616729655	137	cluster.tp03
GIMAP7	7.79919691232677e-07	-0.271346909115764	0.536	0.745	0.0285458406188072	799	0.607883404863062	1.12869286217163	1.37765692841824	1.7614757886396	3.07433898448815	1.46374263775913	0.416056692550768	1490	102	0.707030621198177	1.09304345963848	1.56818856499918	1.95687554989607	2.72000343318402	1.55035710052998	0.504202382152016	137	cluster.tp03
GZMB	5.5423831033238e-12	0.315383529995061	0.944	0.818	2.02856763964754e-07	1406	0.573841904881098	2.19758021192543	2.66398431037565	3.06355617066382	4.20804766496951	2.59891885123149	0.645276410533509	1490	112	0.853749495668692	1.65215962116031	2.19550187349003	2.59721888466271	3.61025652194897	2.17056878884078	0.65578411190222	137	cluster.tp03
HIST1H1D	3.47209791070987e-06	-0.316668131922326	0.378	0.591	0.127082255629892	563	0.607807206265951	1.11922951403697	1.37104045557731	1.74412425595236	2.94709552721833	1.45332818578233	0.429157121492128	1490	81	0.760255424120942	1.1608048239992	1.4118798241566	1.99185462510597	2.91937299307117	1.57191788606392	0.583719595498628	137	cluster.tp03
HIST1H1E	7.24204350810674e-15	-0.427512666591527	0.518	0.825	2.65066034440215e-10	772	0.596779385110497	1.1288344473947	1.38406727481297	1.78539985500015	3.11487581519803	1.50074642894992	0.462637022995726	1490	113	0.652173805748157	1.26176392935434	1.68352865952912	2.08086471779174	2.80680525230705	1.68603831365047	0.522467273678403	137	cluster.tp03
HLA-DRB5	8.9905681164631e-11	-0.470013818122183	0.045	0.365	3.29063783630666e-06	67	0.494471565509494	0.97610928566341	1.16610159997263	1.45012262015196	2.03187411618301	1.22426547715677	0.345690377726745	1490	50	0.707917591932575	0.890678156017429	1.13434493035215	1.60275158648103	2.38616016791626	1.2641673292242	0.471122425521314	137	cluster.tp03
IDI1	5.93648817505559e-07	0.263701160962997	0.558	0.431	0.021728140369521	832	0.494471565509494	1.14508368782347	1.40667932246231	1.7425668969851	3.07355205239854	1.47351503124745	0.416742165777901	1490	59	0.603383587808824	0.931344947949095	1.09304345963848	1.44052202169867	2.01826874762161	1.20349612739012	0.36559251048196	137	cluster.tp03
IFI16	3.05156425208194e-06	-0.267194788035042	0.482	0.686	0.111690303190451	718	0.607883404863062	1.10830541787377	1.29191261117804	1.67158374836585	2.92180003288302	1.40911821490083	0.398864401142857	1490	94	0.712281598306831	1.13819053625148	1.4587934289469	1.8718867971682	2.66756327108501	1.4875407037282	0.468443585783553	137	cluster.tp03
IFITM1	1.0769627449018e-09	-0.334078769042048	0.498	0.766	3.94179134261509e-05	742	0.622527506923193	1.13567405246668	1.4239130537889	1.85350210489353	3.13305551925403	1.52351486719711	0.473833054565829	1490	105	0.71397911879888	1.28605584857797	1.63089866128181	1.90113151345103	2.84942289895549	1.58783742539804	0.470525111596587	137	cluster.tp03
IFNG	6.87674882802524e-07	-0.33368251584374	0.067	0.292	0.0251695883854552	100	0.607807206265951	1.02689108900226	1.16458278660305	1.43186257814445	2.90695778295355	1.27191476198765	0.393974317051048	1490	40	0.712281598306831	0.885668352774118	1.16215265784033	1.53536024090284	2.32401285607585	1.2597260253727	0.472580839927013	137	cluster.tp03
IGKC	5.7148348559955e-12	0.341309420411377	0.405	0.197	2.09168670564291e-07	604	0.395170302564178	1.06373679113477	1.21140914132549	1.59308081480875	3.71064972577937	1.35094774853269	0.418493169078111	1490	27	0.738434714178175	0.911953941413888	0.967486142188998	1.28004891441311	2.20365030225719	1.12433555559978	0.343581470648239	137	cluster.tp03
IKZF3	1.16750800703062e-07	-0.296609889062394	0.509	0.745	0.00427319605653276	759	0.494471565509494	1.111168607062	1.28833423253366	1.62999086290777	3.0589215345956	1.40425219882376	0.407768032955713	1490	102	0.726984600209139	1.05670528799042	1.44914106196457	1.74881273305463	3.23389652808205	1.48665221085587	0.525912245181638	137	cluster.tp03
KANSL1-AS1	1.151483066621e-06	-0.272173703349086	0.081	0.307	0.0421454317213953	121	0.596779385110497	1.03410196281105	1.14289688461987	1.2372675182925	1.9634270728463	1.17183108589263	0.249493352510961	1490	42	0.652173805748157	0.821489976431331	0.949563528331288	1.21564815364914	1.86034229705167	1.05211509707818	0.304368350459475	137	cluster.tp03
LBH	1.54934596857347e-05	-0.254709572599926	0.361	0.599	0.567076117957575	538	0.395170302564178	1.04389735703126	1.22034823075197	1.58170514142211	2.36056424053068	1.31910823228268	0.352096994077636	1490	82	0.707030621198177	0.891611070703727	1.17304527598127	1.4852520493209	2.64709879279084	1.27203083393365	0.461906509422959	137	cluster.tp03
MACF1	1.16299230505707e-07	-0.257913890863542	0.668	0.854	0.00425666813573936	995	0.753646089035713	1.18200653458968	1.55612472387222	1.89922911920985	3.16880465833313	1.59571391776508	0.473719579648308	1490	117	0.712281598306831	1.23053710915908	1.71521766563259	2.17230204133699	2.98946503475735	1.72120126007131	0.584219802991985	137	cluster.tp03
MAP3K8	5.48261562870164e-07	0.287018460232877	0.493	0.38	0.0200669214626109	734	0.596779385110497	1.15110820303951	1.55413609399454	1.97992464839771	3.58118847830093	1.61735646182562	0.53175416459981	1490	52	0.603383587808824	0.850735789258979	1.08592679998292	1.57330151133373	2.62022784104085	1.24510846363165	0.497716339243941	137	cluster.tp03
MT-ATP8	1.90039346697276e-14	-0.52297101257632	0.164	0.569	6.95563012846701e-10	244	0.494471565509494	1.02784183407033	1.17647214453523	1.41923931305694	2.29181139080484	1.24762765375416	0.303579142983249	1490	78	0.652173805748157	0.969818305867544	1.23071601329925	1.5680883526154	2.48802906944303	1.28303297627847	0.414313743998435	137	cluster.tp03
MT-ND4L	1.7646083402499e-13	-0.404044723840748	0.487	0.825	6.45864298614865e-09	725	0.60609792722144	1.12180568848536	1.37765692841824	1.75971414861151	2.97606115125829	1.47112725994742	0.441778756864	1490	113	0.760255424120942	1.05062135876332	1.49104808455961	1.914767796871	3.29737888635614	1.54020779722637	0.550064362340616	137	cluster.tp03
MT-ND5	2.61664532486505e-30	-0.308757180922239	0.87	1	9.57718355353858e-26	1297	0.822633512469048	1.98167525977434	2.5202607359391	2.94880745714876	4.18144964154931	2.45165119704858	0.677492630140848	1490	137	1.18878962790455	2.51038419393937	2.86887630391831	3.30970457668936	3.91982106258215	2.88200780553702	0.576791650402375	137	cluster.tp03
MTRNR2L12	7.51673169398462e-65	-0.759792441648231	0.619	1	2.75119896731531e-60	922	0.607807206265951	1.19197450625914	1.55915725740753	1.92544950968523	3.86371033917873	1.60923499223733	0.491917790484592	1490	137	0.766740405185958	2.04153363933547	2.36963091895934	2.75067584322644	3.55904672250949	2.37935130107793	0.574770480412388	137	cluster.tp03
MYBL1	2.15966198985675e-06	-0.259551082104022	0.468	0.73	0.0790457884907469	697	0.395170302564178	1.10830541787377	1.30926032461894	1.70963346024874	3.40859252993031	1.43763272690461	0.433185253617666	1490	100	0.603383587808824	0.958938706216731	1.32804693381723	1.60753840994714	3.15795836738679	1.37296475912116	0.507081411045538	137	cluster.tp03
MYOM2	1.09936006692494e-91	0.688513508687804	0.334	0.015	4.02376778095196e-87	498	0.707708684500187	1.43240845022191	1.9241999248066	2.34485287044446	3.32912389846286	1.914428566013	0.58190410440985	1490	2	0.738434714178175	0.738434714178175	1.20004582770715	1.66165694123613	1.66165694123613	1.20004582770715	0.652816697294828	137	cluster.tp03
NLRC5	1.11248492325093e-05	-0.272655297691665	0.313	0.555	0.407180606759072	466	0.494471565509494	1.03142284418031	1.18522971481701	1.51912858839039	3.53208004127273	1.30722945543186	0.392709647398067	1490	76	0.603383587808824	0.889097804824791	1.18335290740751	1.55081927562668	3.04961604354065	1.26529893141057	0.493066679074912	137	cluster.tp03
PAG1	2.48182825326924e-06	-0.265409637590771	0.114	0.343	0.0908373958979073	170	0.60609792722144	0.99008935790577	1.10796702179108	1.25258442576069	2.9704856222211	1.16365725238861	0.294131643043815	1490	47	0.707030621198177	0.844829454917955	0.937945121309537	1.1822751136956	2.04153363933547	1.05390696351222	0.313049914266686	137	cluster.tp03
PIM1	1.04168596117187e-06	-0.296054671626925	0.16	0.409	0.0381267478648517	238	0.494471565509494	1.06348710303998	1.18649807078951	1.43010663470703	2.28762533391102	1.27162578040566	0.322502279060109	1490	56	0.707030621198177	0.936764023485387	1.10756740816502	1.24955913624843	2.15739761984791	1.16735693154835	0.329116115891998	137	cluster.tp03
PLCG2	4.60029100485089e-06	-0.271401904395492	0.411	0.664	0.168375251068547	613	0.607807206265951	1.09515759482557	1.28776377828259	1.69115759677296	3.82962015745595	1.45710585330217	0.515430648435949	1490	91	0.707030621198177	0.968652224028271	1.32344496754583	1.76706142944453	2.57928385152353	1.40090013316778	0.506113485888048	137	cluster.tp03
PTGDS	9.17161576791692e-05	-0.452597808279013	0.122	0.285	1	182	0.627734915373777	1.09821244859881	1.57044932353687	2.75975840271041	4.41769250204477	1.95067866657073	1.01394092123074	1490	39	0.71397911879888	1.04874157281861	2.63692424278744	3.72506895786126	4.24543777106785	2.43992222925945	1.32483073834089	137	cluster.tp03
PTGER4	2.03147940473381e-09	-0.387784210614614	0.228	0.54	7.43541776926622e-05	340	0.494471565509494	1.02927984535962	1.16819770039706	1.39416460374021	2.3348933362267	1.24890535493538	0.323333387457725	1490	74	0.603383587808824	0.927197887050753	1.16129568833083	1.4498893295844	2.76512042763226	1.26123653866584	0.437670822854558	137	cluster.tp03
PTPN6	7.46374829468896e-07	-0.314131825946105	0.258	0.511	0.0273180651333911	384	0.596779385110497	1.05286413385376	1.18083162962467	1.44367957821206	2.75610317393711	1.27440279552142	0.331283028260988	1490	70	0.71397911879888	0.856936489224972	1.26185468407996	1.56339595037547	2.32401285607585	1.27526752026887	0.43568141916166	137	cluster.tp03
PYHIN1	9.82569561360948e-07	-0.269013139598142	0.501	0.715	0.0359630285153721	746	0.573841904881098	1.09608535555065	1.28454212205863	1.63937757455706	3.04719302283314	1.38824382375737	0.374490495218678	1490	98	0.726984600209139	1.05341044999307	1.45433982767096	1.78670793991651	2.51345504939002	1.45738822626875	0.460709406072009	137	cluster.tp03
RAB8B	5.62436650447443e-06	-0.25103364306051	0.322	0.577	0.205857438430269	480	0.494471565509494	1.05591244538275	1.18799646552795	1.53080577591098	2.61356037049798	1.29815491000543	0.334630026424834	1490	79	0.712281598306831	0.93157584050048	1.15765230735293	1.40583614281058	2.472485825393	1.1926619955488	0.334732431840998	137	cluster.tp03
RESF1	7.69526799291828e-10	-0.308077722273948	0.544	0.825	2.81654503808802e-05	810	0.607807206265951	1.12362384257851	1.42021410426395	1.74949937506268	2.98731654613866	1.47196711824535	0.413709281356819	1490	113	0.707030621198177	1.01263614967657	1.43998012138993	1.91663754078436	3.03909648843743	1.48971901047907	0.504437394666699	137	cluster.tp03
RIF1	7.21462122967423e-06	-0.264089821499589	0.193	0.438	0.264062351627306	288	0.573841904881098	1.00775115434747	1.16877023061488	1.44560731467911	2.5257976471029	1.26571351395034	0.353971929201658	1490	60	0.603383587808824	0.860960879050494	1.03352554634195	1.34518423473656	2.22177454674826	1.12949790753474	0.357344835500622	137	cluster.tp03
RIPOR2	4.24214050048983e-09	-0.285518226131662	0.639	0.839	0.000155266584458428	952	0.626313181085897	1.14129988698516	1.44268980170209	1.80816212680965	2.98785318981784	1.50995001356102	0.431678218827083	1490	115	0.707030621198177	1.2377453635105	1.68094510288776	2.03704982677431	3.32710777354797	1.66154488005394	0.515951308418699	137	cluster.tp03
RPS10	1.17915602452934e-14	0.259342866485509	0.955	0.92	4.31582896537985e-10	1423	0.849743409943838	2.38845356284714	2.89289382732887	3.28974275186818	4.11707636693065	2.80098532339546	0.625556406289086	1490	126	0.923979119172879	1.90911670117351	2.39933164674969	2.61563353670774	3.16206488980189	2.25112258931486	0.525461012553532	137	cluster.tp03
RPS26	1.26409007850352e-15	0.317246398870466	0.95	0.92	4.62669609633075e-11	1415	0.928492127710595	2.21102655549515	2.89217851903389	3.32742699851118	4.14888924321886	2.74709494824961	0.721641754131211	1490	126	0.798966306636266	1.63609527766954	1.93001763585277	2.2763703435199	4.1908654538757	2.06200080565986	0.730277330930418	137	cluster.tp03
SAMD3	1.24291677189322e-09	-0.294899211867492	0.558	0.825	4.54919967680639e-05	831	0.573841904881098	1.13574578632523	1.41117602749663	1.74130360427001	2.83515159001257	1.47147796193867	0.40853645692681	1490	113	0.707917591932575	1.14963232167946	1.42277444949045	1.8304949732744	2.74900090503774	1.49559933430258	0.469008392528267	137	cluster.tp03
SAMD9L	6.01358299847956e-06	-0.267932868169919	0.213	0.445	0.220103151327351	317	0.573841904881098	1.03142284418031	1.14698627085767	1.40569098713815	2.11360385508445	1.22513618126551	0.283757281978089	1490	61	0.722976748777436	0.911784539435766	1.11652807730973	1.34465938846831	2.24671921494091	1.16320835600258	0.340289566862603	137	cluster.tp03
SAMHD1	3.30268846750134e-06	-0.250532097592255	0.477	0.708	0.120881700599017	711	0.573841904881098	1.09801275932903	1.27554299682719	1.64004763836249	2.89289382732887	1.39351637215134	0.395019478506455	1490	97	0.707030621198177	1.04917256292988	1.34570908100481	1.69750433777891	2.69133630810216	1.38512997872111	0.441547060072181	137	cluster.tp03
SEMA4D	3.4753573766948e-07	-0.28646443659288	0.374	0.664	0.0127201555344406	558	0.573841904881098	1.05207452444201	1.20091333934644	1.51206053379658	3.07355205239854	1.3026667631342	0.354034062400677	1490	91	0.652173805748157	0.840704293244244	1.14231531894381	1.43631568522127	2.38454827428792	1.22644486969609	0.45751245875333	137	cluster.tp03
SLFN5	2.41825789382401e-06	-0.281609460110122	0.393	0.628	0.0885106571718525	585	0.494471565509494	1.07036475103979	1.24145063066664	1.62563259835408	2.66943642259855	1.36676741620579	0.39032330068683	1490	86	0.726984600209139	0.959467439802197	1.35476161914038	1.70907750304097	2.9669819002061	1.38248095910648	0.458341780689908	137	cluster.tp03
SMARCA5	6.58526168628223e-06	-0.257960667501976	0.322	0.577	0.241027162979616	480	0.596779385110497	1.05298501594077	1.18878965154941	1.51565423334373	2.95914793585463	1.31953717336585	0.377528391050315	1490	79	0.428914640968954	0.893102205282162	1.16072954263677	1.48282044544978	2.20365030225719	1.22103305497383	0.385285588581071	137	cluster.tp03
SP140L	1.71200445418446e-05	-0.25726460226297	0.199	0.416	0.626610750276053	297	0.573841904881098	0.99489805080823	1.1184660819427	1.29560997417724	2.94538684653599	1.19832783362354	0.331981274585241	1490	57	0.712281598306831	0.879725634844509	1.0503795899038	1.35289716321456	2.29782894816441	1.1553664961097	0.370652523930227	137	cluster.tp03
SPN	2.06812970843579e-06	-0.252032594587749	0.585	0.774	0.0756956154584585	871	0.573841904881098	1.11219461235145	1.3675415044473	1.77203522435088	3.1622815318928	1.47615813309889	0.457417187138745	1490	106	0.707030621198177	1.16549353808725	1.56351146125799	1.97322900629656	2.91050853604249	1.57486349785732	0.53010743925761	137	cluster.tp03
STAT1	8.5876533289104e-10	-0.445371845116549	0.233	0.526	3.14316699491449e-05	347	0.494471565509494	1.0185892531368	1.15451872222323	1.4130550405798	2.96990072294345	1.26433264215914	0.368364088896099	1490	72	0.707030621198177	0.98264121024671	1.34455453182269	1.7883586460276	2.86229517162776	1.45105992404943	0.518483875353827	137	cluster.tp03
STK17A	1.35875940210546e-06	-0.266544060142952	0.468	0.708	0.0497319528764618	697	0.60609792722144	1.09357115302542	1.26943847996508	1.65085101459105	2.72736383616425	1.38612510005395	0.389341069533615	1490	97	0.652173805748157	0.96627414888355	1.35289716321456	1.68917491877546	2.66756327108501	1.38823173332702	0.471137569903705	137	cluster.tp03
STK38	1.1162458486233e-06	-0.282270500133504	0.315	0.584	0.0408557143054613	470	0.573841904881098	1.06212314292457	1.19285398204106	1.50766526428627	2.52632685429779	1.29473172217304	0.336444441132069	1490	80	0.428914640968954	0.917881829304322	1.15320893713135	1.48324653180034	2.32401285607585	1.2206219561708	0.400585650310334	137	cluster.tp03
SYNGR1	4.40479474202777e-12	0.256437573775529	0.204	0.073	1.61219892352958e-07	304	0.494471565509494	1.09403387360027	1.25887751025166	1.66747365581221	2.81704760769823	1.40514793364048	0.408991862761384	1490	10	0.7400931017175	0.777831776439448	0.996113078296749	1.32344496754583	1.55156609912805	1.05701037114911	0.284657513451483	137	cluster.tp03
TAP1	1.41533770781682e-06	-0.282410405715143	0.362	0.599	0.0518027754438035	539	0.596779385110497	1.0682914611051	1.19921061401469	1.47785323183616	2.98731654613866	1.29073503267369	0.316440125063145	1490	82	0.603383587808824	0.989239731520323	1.2223241154124	1.61845859216003	2.25215717323341	1.31002294390472	0.397023144795753	137	cluster.tp03
TPM4	3.50967693782013e-07	-0.327753164309715	0.265	0.526	0.0128457685601155	395	0.494471565509494	1.06051667277896	1.18452001371949	1.48551728992285	2.84534274510819	1.29875398882857	0.352990895732971	1490	72	0.428914640968954	0.913563325352825	1.23567728775007	1.66234921577524	2.49488817593472	1.30753969113628	0.44853644574183	137	cluster.tp03
TRAF3IP3	5.16720186907119e-06	-0.254140723691215	0.493	0.708	0.189124755609875	734	0.607807206265951	1.09887902646644	1.28709904368738	1.66895739931668	2.65702427240858	1.3952688030056	0.383745876772788	1490	97	0.603383587808824	0.989239731520323	1.39990981749437	1.77467418506076	2.67907375206793	1.42982346343155	0.495303662716134	137	cluster.tp03
TRIP12	4.50562515989936e-06	-0.256614858299011	0.254	0.511	0.164910386477476	379	0.494471565509494	1.02204966931282	1.16892308098729	1.46871393281431	3.00629112562434	1.27157300190831	0.351044051290137	1490	70	0.707030621198177	0.923979119172879	1.09094270194134	1.32172834063543	1.90764955184506	1.13725162938773	0.30249361659579	137	cluster.tp03
VPS13C	3.59435009560422e-06	-0.252547917995131	0.487	0.715	0.13155680784921	725	0.573841904881098	1.09754675846607	1.34802503338647	1.66965677242715	3.14016114678815	1.42082812656092	0.41377651679894	1490	98	0.7400931017175	1.0104092531462	1.35000390752565	1.74832268440137	2.66756327108501	1.4188054780587	0.467705659823911	137	cluster.tp03
XBP1	3.81932153006476e-06	-0.261813409843024	0.423	0.65	0.1397909873219	631	0.395170302564178	1.0745388482917	1.21849288821875	1.59850757551243	2.7590063600143	1.34527164082919	0.369454120295769	1490	89	0.712281598306831	1.0104092531462	1.31153428591078	1.59217069040931	2.37503047324819	1.3577735668234	0.420756680787349	137	cluster.tp03
XIST	8.62913791420248e-72	0.515438260788744	0.216	0	3.15835076797725e-67	322	0.707708684500187	1.48534013959206	1.95392445390452	2.40995170183943	4.01310387127443	1.98710612915957	0.671804391354124	1490	NA	NA	NA	NA	NA	NA	NA	NA	NA	cluster.tp03
ZC3H13	1.28438958134773e-05	-0.253873915047223	0.324	0.577	0.470099430669084	483	0.619778579974102	1.08519458267762	1.24302751679112	1.6103190757975	2.53676620219489	1.35486398253426	0.345414821114325	1490	79	0.603383587808824	0.905456272648076	1.17965979520657	1.46397525523923	2.50644480133913	1.24184746508036	0.413828940264587	137	cluster.tp03
